Unit: dimensionless (% of output purchased),ISIC 01T03,ISIC 05,ISIC 06,ISIC 07T08,ISIC 09,ISIC 10T12,ISIC 13T15,ISIC 16,ISIC 17T18,ISIC 19,ISIC 20,ISIC 21,ISIC 22,ISIC 231,ISIC 239,ISIC 241,ISIC 242,ISIC 25,ISIC 26,ISIC 27,ISIC 28,ISIC 29,ISIC 30,ISIC 31T33,ISIC 351,ISIC 352T353,ISIC 36T39,ISIC 41T43,ISIC 45T47,ISIC 49T53,ISIC 55T56,ISIC 58T60,ISIC 61,ISIC 62T63,ISIC 64T66,ISIC 68,ISIC 69T82,ISIC 84,ISIC 85,ISIC 86T88,ISIC 90T96,ISIC 97T98
agriculture and forestry 01T03,0.5238610750873982,0,0,1.5423423590349054e-4,1.3711209910588185e-6,0.3988818808356325,0.00034417571153341515,0.043151953658004616,0.002384644194662695,0,0.0021158651552243704,5.289662888060926e-4,0.001234776901835657,0,0,0,0,0,0,0,0,0,0,2.2481429447272262e-4,0,0,0,0.0013286692481171963,0.004229429878226389,2.030961699548773e-5,0.010608731943203775,0,0,0,4.927338466914302e-7,2.270719140932451e-6,0.0023588315217346716,0.007523295731865115,1.2527602868114203e-4,0,9.189350937237332e-4,0
coal mining 05,0,0,0,0,0,0,0,0,0,0,0,0,0,0,0,0,0,0,0,0,0,0,0,0,0,0,0,0,0,0,0,0,0,0,0,0,0,0,0,0,0,0
oil and gas extraction 06,0,0,0.0012253748406274023,0,3.8712187620754644e-5,1.7144776942497261e-9,0,6.765211213474588e-4,1.5456940250667552e-4,0.617900609382842,0.006047097450538087,0.0015117743626345218,0,1.147906939176005e-10,3.4437208175280154e-10,0.025076091639583808,9.356166457649964e-10,0,0,0,0,2.0848112773168026e-10,0,0,0.14608405751341522,0.04060383797786857,0.0165770410054544,0,7.398143765389599e-4,0.0015329963139970794,1.4043030257824036e-9,8.031783250886961e-4,5.095340424549514e-5,2.225147713417333e-4,0,8.548184037994654e-4,2.0784610110637447e-4,0.13169176934990473,0.00629313427125367,1.516813966216388e-9,0.0017072815594297043,0
other mining and quarrying 07T08,0.10229357533489158,0,4.028977156058671e-6,0.15428387497521467,1.8809497505237614e-4,0.03934145692565173,1.3555472545027513e-4,5.186517535249045e-4,0.01948280955982119,0.00139269339544094,0.01482120763957722,0.003705301909894305,0.0011810077131994003,0.019678678870023416,0.059036036610070244,0.014978757988527497,0.04476671608080976,0.006400973729720295,2.440785303238282e-4,6.176115672222195e-4,6.230474545780991e-4,2.885909471339373e-4,1.8647867641070174e-4,6.387717482636354e-4,0.05286283521748283,0.014684120893745229,0.007441332859183593,0.24963222835063287,3.288523840459481e-4,0.0034001218093613027,0.01092154101654972,5.303668308399034e-4,0.0013074308364876427,0.0037932945142843118,0,7.0569902291319e-5,0.02712046752159059,0.11149311734265471,0.003454009755150496,0.0022370726963099156,0.025914637981431326,0
food beverage and tobacco 10T12,0.2154668199282674,0,0,0,0,0.5196299347014773,8.933365625792431e-5,1.2684903991998703e-4,7.519960586077355e-4,2.3222296286761986e-5,0.0013670323086406248,3.417580771601562e-4,2.0484940750133858e-4,8.93729744767792e-5,2.6811892343033765e-4,1.7947029678223386e-6,2.556836618814412e-6,0,0,0,0,0,0,2.8470817401252356e-6,0,0,0,0,0.012965469005532393,5.235596984408664e-4,0.1059018825396952,1.4243433660657137e-5,0,9.286854828358392e-5,0,0,0.005680179385711028,0.08541781924451024,0.004640071553356721,0.034926233882147814,0.011471186715308323,0
textiles apparel and leather 13T15,0.016455379718477138,0,0,5.177858730442343e-5,0,0.008553079093917783,0.047484765537325224,0.028690134821211976,0.08223951745298513,1.778216811108851e-5,7.72400061088655e-6,1.9310001527216377e-6,0.03457527593169218,5.540009478637247e-4,0.0016620028435911742,7.216488619484411e-7,0,5.461124291744572e-6,2.794275806100575e-5,0,0.0022872453169134666,0.01629172826984156,0.0024375778451271876,0.04804511304455888,0,2.9914871115797153e-6,0.011661382707991656,0.022857508419668677,0.24953220201548124,7.207054893010557e-4,0.06294739590482036,0.0047933425189683855,0.01069141649858372,1.0760490704801764e-5,0,7.329574836367663e-4,0.016461640689830467,0.15287170667780317,0.0012960412191115342,0.12002050552893341,0.05601028075715387,0
wood products 16,0.016030277552640606,0,0,0.0012381690290292795,1.2418327957438641e-4,0.0038902985422447035,8.293402958995324e-5,0.5451738496024315,0.020451819109920947,0,2.3837186364562797e-4,5.959296591140699e-5,0.006539125322297142,1.2316786650008813e-4,3.6950359950026435e-4,2.6113375481805196e-4,7.834012644541559e-4,8.87790042100719e-4,0.0031330888731905845,0.0014364481469570376,0.0016546702989113015,0.003847056523005246,1.57145380435505e-4,0.02712183636628225,1.5755190385357657e-5,9.319392100081656e-6,3.6727221805207453e-4,0.23548824590070214,0.04084592008850637,0.02273206109463774,0.00806905310041156,5.131632609326373e-4,0.0012297254922715797,0.0021579792987301114,8.339677153011848e-4,0.02022809966881852,0.009295735147539497,0.014619013108182059,1.1377953817120549e-4,0.007285244407698386,0.002591801964118643,0
pulp paper and printing 17T18,0.012576583988768167,0,1.2030856861603782e-6,9.761497468762804e-4,2.535164570221617e-5,0.19465102807047374,3.364419070805862e-4,0.014851421911697,0.20504175512639544,4.375024676407451e-5,0.004114190213674358,0.0010285475534185895,0.010519519914657473,7.223541753579104e-4,0.002167062526073731,5.519807074659984e-4,0.0016506156095245335,0.006032029493712555,0.004850259802748275,0.001913652905388404,0.00257006274602695,0.004043911284366654,2.4468437004879294e-4,0.005497401460924733,8.800468981724612e-5,5.213751722220744e-5,0.0030721473654726356,0.011710755449407842,0.14309661918121303,0.012157814340269064,0.035748477977955884,0.00810801382985788,0.0013901871991305586,0.011448893122455287,0.02385603177589411,0.002302512844800607,0.08076228126661822,0.11342647117930257,0.003140043044836857,0.06236789575473927,0.012861754968174181,0
refined petroleum and coke 19,0.2165554921914666,0,3.61916459163547e-5,0.018404773436836254,5.142884470784537e-4,0.010079749316743578,6.079265080565446e-5,0.010908279717530368,0.008632190843483104,0.001983252806760206,0.009100899981318383,0.002275224995329596,0.0011500443112896703,1.8997640365826384e-4,5.699292109747915e-4,4.400055196565037e-4,0.0010785591412890278,0.006654493038847237,0.0012413558391638426,4.7614035285149976e-4,0.0014391276514724514,2.2823512544533253e-4,8.564838259635515e-5,6.342069738918736e-4,0.05144687335141003,0.014329527924638326,0.014588875996074837,0.06742149835555025,0.01976067906829178,0.17032677052842995,0.0111740121786569,4.354818888577326e-4,4.5096959493250675e-4,0.0012115121429311108,0.00587536358531487,0.004605568801097348,0.015134469386296619,0.31298703219713225,0.002119822723176512,0.007971576532146992,0.007421107760656507,0
chemicals 20,0.2716447179807075,0,4.766354159804185e-5,0.006478679464996266,3.9002062607177584e-4,0.03984791697679808,0.005956967955472901,0.025763291179640543,0.021214059108242346,0.0021182662431471766,0.10033673108847446,0.025084182772118616,0.09237152417974138,0.0011159866037812563,0.0033479598113437693,4.2983607647209955e-4,0.0010316131717178392,0.01126865165568506,0.01067050015149411,0.002031566738224569,0.001825189562674897,0.005228900888854766,3.396774612269627e-4,0.006818117798089919,0.0012201585973120872,3.3967997797898524e-4,0.008928688069907969,0.027704176577682676,0.00621169969798031,0.001929803694278251,0.0032336516676882217,5.04427607245507e-4,7.369779965642971e-4,8.282821505943938e-4,1.957835690342011e-4,0.017015119411729708,0.08885496240807661,0.08378146757617026,9.128338962005682e-4,0.11062668180247347,0.011613584262508104,0
rubber and plastic products 22,0.04857228394860649,0,1.5049004678313545e-6,0.011369324028134542,4.900359985408515e-4,0.17925510898071464,5.07121292983632e-4,0.022674666039258277,0.019360245683601885,9.131218844266431e-5,0.00830718293937748,0.00207679573484437,0.057395197582328576,6.53868374927309e-4,0.001961605124781927,3.132088185036694e-4,9.285093628494144e-4,0.009817187795794683,0.02890974914564921,0.004359946448887984,0.018445059427421872,0.026082571792490235,0.001986350112760617,0.016037127414272212,7.260168205788785e-5,8.966565327863078e-5,0.004359678297774375,0.14796959967527634,0.1202302412613253,0.014429532051008586,0.02845883958970463,0.0027312010429639856,0.007136061397368712,0.0050153763378806135,0.0029580982812263653,0.0015350942198591887,0.04101628877200789,0.0779026011672742,0.0018402116034877442,0.07086746332613356,0.013791482505731652,0
glass and glass products 231,0.0018501518145516017,0,3.107020921176995e-5,0.0054882032144656905,6.781263384497753e-4,0.06469474449613347,5.834937916489114e-5,0.03174277884568085,0.003339160327339307,4.004059011222691e-4,0.0021292354800345153,5.323088700086288e-4,0.009999984916546162,0.01566450736177366,0.04699352208532098,0.002051944082976667,0.006107083559615428,0.011623911092710958,0.005838310140018256,0.00660983011657182,0.005578639974240755,0.013703168731498124,3.7522698088779486e-4,0.004205605741599926,2.8214725792612675e-4,7.8374238312813e-5,0.00555310031476345,0.5759982850620244,0.0126003708895241,0.0019282628995055846,0.018306189276308074,0.0023464120974399537,0.007025961334545695,0.0027705625765320012,4.048849983618391e-4,0.0010512055319231678,0.03933234153929222,0.03437172270089057,3.816437854372576e-4,0.046749773214410525,0.011122492622878776,0
cement and other nonmetallic minerals 239,0.0018501518145516021,0,3.107020921176995e-5,0.005488203214465691,6.781263384497754e-4,0.06469474449613348,5.834937916489115e-5,0.03174277884568085,0.0033391603273393074,4.0040590112226914e-4,0.0021292354800345158,5.323088700086289e-4,0.009999984916546164,0.015664507361773664,0.04699352208532099,0.0020519440829766676,0.006107083559615429,0.01162391109271096,0.005838310140018256,0.006609830116571821,0.005578639974240756,0.013703168731498128,3.752269808877949e-4,0.004205605741599927,2.821472579261268e-4,7.837423831281301e-5,0.005553100314763451,0.5759982850620246,0.012600370889524102,0.001928262899505585,0.018306189276308078,0.0023464120974399545,0.007025961334545696,0.0027705625765320017,4.0488499836183916e-4,0.0010512055319231678,0.039332341539292236,0.034371722700890575,3.8164378543725764e-4,0.04674977321441053,0.011122492622878778,0
iron and steel 241,0.03001887476155688,0,7.829015845437547e-5,0.005881937116938778,3.4472694874748526e-4,0.023897472515237918,7.973622782370943e-5,0.007378438776197817,0.005918338032274302,2.4165619675803636e-4,0.0011594037834784913,2.8985094586962283e-4,0.005120682760241246,9.937250849632309e-4,0.0029811752548896922,0.05233992148297567,0.15699034324703245,0.29581495019959553,0.06732482547682543,0.03421192736702509,0.0657735678990242,0.04925085118892255,0.005365207193012166,0.021754862238673366,0.006203007845648123,0.001727721652472855,0.0053272004165389655,0.03752544985012102,0.009089468228433872,0.025447991148576623,0.0019938053878075395,2.8559031467464816e-4,6.779569678903143e-4,0.0014677195316259942,7.075231900407018e-4,0.008102445468683401,0.01286057429042172,0.04422012484276935,8.5987268530736e-4,0.0033432824201427734,0.006949500902326757,0
other metals 242,0.004480357212891404,0,8.405381824427669e-5,0.004167449744319104,3.215124755766583e-4,0.02578924138748062,8.232977155134711e-5,0.006895172240831957,0.005546787509923948,3.2161724880077257e-6,7.214251110444574e-5,1.8035627776111435e-5,0.005664298384374979,0.0011037654088687308,0.0033112962266061926,0.059445480342493,0.17833604946433532,0.33540358170437057,0.07637223864572916,0.03883065585342128,0.07458152343013069,0.055962482169842544,0.006088025625053682,0.024646467289470477,8.721334462079872e-6,2.422592906133298e-6,0.004059194876517322,0.03343241562493174,0.0076284848083736185,0.005612801143526423,7.369536476038899e-4,2.6506882859639785e-4,7.090335526782132e-4,0.0015027965957565292,0,0.008581198902572706,0.012549257881826254,0.007423551201945035,6.873743490777265e-4,0.002709627902180809,0.0068849337401605875,0
metal products except machinery and vehicles 25,0.042606411901857294,0,1.0983616159595398e-4,0.005524397516355319,3.093993410814036e-4,0.10659142681200656,3.876252382798294e-4,0.04195490874146091,0.01937809555319366,1.6392147397056948e-4,0.00559367650833453,0.0013984191270836326,0.015742255438668182,7.668483730838069e-4,0.002300545119251421,0.0015588213693349543,0.004656506967053191,0.10644733916089182,0.05007954475882422,0.012727028593941005,0.03164774378566544,0.020962738262878228,0.005735255500726665,0.014693515010503904,0.0021675927211140763,0.0010380207380309497,0.025787632785675484,0.302399368106074,0.019247633077985958,0.014138257293921104,0.014864678889791805,0.004824321523709588,0.01297071323436818,0.006149558613178327,0.0011212614433689773,0.004309412989193246,0.027612018188360538,0.04204589430964672,8.818166619654321e-4,0.013875162611358674,0.015230396096214422,0
computers and electronics 26,5.679258647413403e-4,0,1.196052698987444e-6,2.440717777324742e-4,7.185774224159809e-5,0.026798608802564412,3.05237418589167e-4,0.017937487663905297,0.0036119976647524515,5.6389255368968605e-5,0.003517268493294159,8.793171233235398e-4,0.005300016892595039,2.8497023052421317e-4,8.549106915726396e-4,5.571485073616471e-4,0.0016645802329297186,0.01928202500640577,0.3619795061700922,0.005385100283060439,0.009985122647983647,0.019745313619783773,0.008558666182126482,0.004741566086451665,2.5531160821597946e-4,7.6155545636276e-5,0.010147878739424855,0.033734730569218475,0.19236595289766228,0.002472931548347919,0.0017031427710368669,0.01180506814507135,0.025693748500730636,0.025810476418114514,0.006290495551403224,0.0015502072083037406,0.08225387594678443,0.05559550895200278,0.002497466558880758,0.04097849761136871,0.014438267017697527,0
appliances and electrical equipment 27,0.12365667364154123,0,3.7945310659867533e-6,9.506050882712812e-4,4.732557252383184e-4,0.030777343903772687,1.055112701123863e-4,0.01695111484019325,0.004894833157688642,5.9742167821814745e-5,0.0017002782982155718,4.2506957455389294e-4,0.005599323185608128,1.204999023008722e-4,3.614997069026166e-4,0.0015937447470166064,0.004773960740909182,0.022146107912217685,0.05445331674460391,0.040203539051065794,0.04981986744657337,0.012407906471165719,0.0018453283205435845,0.0031249172398292303,1.0830561060510202e-4,3.3380810355350926e-5,0.02435580315633728,0.3353093350769365,0.032774512232558985,0.004429735403444326,0.010405332189443194,0.0037330869123149576,0.011177653683910098,0.013601609607628082,0.0012611426171973057,0.008512045476452759,0.05800221868058031,0.06469707007197187,0.0021268753536767236,0.021823368599463065,0.031200290849912302,0
other machinery 28,0.10762752367995522,0,1.8671770584239344e-4,0.0416063260969641,0.003138525970265847,0.061408469333252974,4.426579425552162e-5,0.012252313496200968,0.014932492692633461,1.5846145681056313e-5,0.005014125381271551,0.0012535313453178878,0.0076933618597181085,1.0295688009149464e-4,3.088706402744839e-4,6.041652503791675e-4,0.0018105665117569786,0.028107552818927045,0.0072417012782471785,0.006624949080498591,0.09147224220270761,0.0555275200417891,0.0032124851422042125,0.002218166537729717,0.007772648418299738,0.0022109413061142105,0.08381209718145448,0.218245451204715,0.025107262247499217,0.041072100354371484,0.003671559146985122,8.839390674016468e-4,0.0023005112064714414,0.00930699345132519,0.0028356298062841745,4.7013932128825116e-4,0.04643462535108225,0.049249508322576414,0.007154206542810205,0.013071441841948618,0.03399626934340785,0
road vehicles 29,0.041099635784509245,0,1.9138336203546145e-5,0.007928882806776392,3.298001694656539e-4,0.06641992100854631,9.361571556195246e-5,0.04768119396877589,0.008441266747293522,4.264572449308597e-5,0.0016503676588207953,4.125919147051988e-4,0.0027333311021428084,4.149361787079315e-4,0.0012448085361237945,5.226365056604553e-4,0.0015627174776830402,0.007867555805277619,0.015238608617014336,0.00207181971521373,0.02754766513141621,0.25075132531923106,0.0022815753934655658,0.003728260468590111,1.4195486937535246e-4,4.044019848226849e-5,0.018848508718329816,0.012924927143380805,0.1392596609847473,0.057530986659001845,0.0076542014161442955,0.001217377947795886,0.0025109815844193803,0.0010413378773104986,6.334338213611428e-4,0,0.09244584859203903,0.088052342137314,0.001905711531070917,0.029971638688186752,0.05573634774536245,0
nonroad vehicles 30,3.797600488418119e-4,0,0,2.8930282463688695e-4,0,0,0,6.800869620367237e-4,0,0,0,0,0,0,0,0,0,0.001006247480918138,0,0,0.0010537315347360881,0.002308439696832964,0.41536122198110764,0,0,0,0.0028731485728102028,5.502873642178002e-4,0.001520382502062644,0.11770915941071745,0,4.656591791267683e-6,1.3969775373803049e-5,0,0,0,0.0176289731722363,0.43501556803957786,0,0,0.003605064042102442,0
other manufacturing 31T33,0.0033405208262196192,0,1.2352036558351464e-6,5.185650241010595e-4,2.2772682374062042e-5,6.284398156085383e-4,3.317319408978556e-4,0.021849301756379606,1.7574577957742498e-5,2.6871892758313016e-7,6.379163707621846e-4,1.5947909269054615e-4,0.0025780672565573095,6.190917741857115e-5,1.857275322557134e-4,1.643092650903903e-5,4.926006348702632e-5,4.410895151558567e-4,0.0011758939238300057,0.0022415234370774984,0.008955269554992843,0.005736234074613088,3.4964315336463286e-4,0.053006248287420184,0,3.5800777195194563e-7,0.0036229606205798307,0.1897845106382423,0.06788736787450067,0.0012772354996576554,0.012424353513984437,2.3129179082530607e-4,6.583210109482918e-4,0.0015911705882077722,5.249222023634074e-4,0.038358737270181,0.0405675019473338,0.07869009508907346,0.0018941125560412559,0.4353623208407055,0.024819637637326995,0
energy pipelines and gas processing 352T353,0.12914533893339905,0,3.5154660081587107e-4,0.016328159466881504,1.8895770476369728e-4,0.041913122138710616,5.174693170884685e-4,0.01652610762998219,0.014224424925183337,0.009061267628301135,0.006421594337173516,0.001605398584293379,0.007219639544091443,0.0011906099480925448,0.0035718298442776342,0.0017438403889877456,0.004128328333965076,0.009456579680798872,0.007807036298779933,8.390534931412097e-4,0.002223611854427195,0.0017334931584425397,9.720139832637551e-4,0.0017696835422631903,0.10635533985932907,0.029855046042690195,0.019551676520710704,0.0275209462485759,0.14798803529800222,0.033127000099256045,0.051060387931325196,0.002060420212759168,0.00433236376853053,0.003984339463323134,0.0087656148151875,0.043391140126131336,0.027364699184878757,0.145886920666339,0.007286547399715646,0.03914382275328413,0.02338659227283758,0
water and waste 36T39,0.08419779192249842,0,4.697848095517552e-5,0.011426484093214355,1.4921464771133292e-4,0.03898730758496323,4.1074182077848197e-4,0.013362231443099684,0.011271993585336272,3.6105256209511714e-4,0.005020793828906408,0.001255198457226602,0.0058500947963016255,9.815456317502486e-4,0.002944636895250746,0.0011214882211305088,0.0033205071714402993,0.007905528415141095,0.0063782101222196325,6.797323936878905e-4,0.0019588485808801587,0.0014144613074167929,8.001252566895625e-4,0.0015774584556949895,0.03336246684882098,0.009571095759262292,0.11605710941886646,0.02258314406469046,0.12572805841598259,0.020559581168905435,0.04557207481086032,0.00156835172333012,0.0032218804257793474,0.003360780585072965,0.009953410307610822,0.13385376633407053,0.03618285007761487,0.16084366034281525,0.005735100868910368,0.0467259548434616,0.023698288329556935,0
construction 41T43,0.03314070727272136,0,2.067564105174119e-6,0.021941243495140275,8.694211452763222e-4,0.01640086475568422,1.1655123455315342e-4,0.00519463855665559,0.0049564809132436796,0.0010453428475341174,0.001496888489420782,3.742221223551955e-4,0.0020828331104567614,4.7388845669386057e-4,0.0014216653700815818,5.512423418275716e-4,0.0015264584373854292,0.004817383892079522,0.004832955305034228,3.089067933787109e-4,0.0014037935320859556,8.054855645621012e-4,2.586996462722568e-4,8.026876284977049e-4,0.015096378133306427,0.004542597273616115,0.002915336577863739,0.0011723738334871497,0.05717009977705562,0.026151318244539753,0.017479306095651147,0.001157544719435435,0.0029610615594764145,0.0014877143266208142,0.017426774948726367,0.40489123438965646,0.014801869296893968,0.2958251684596475,0.004543426641702557,0.0123157721775757,0.015237595069699248,0
