,ISIC 01T03,ISIC 05,ISIC 06,ISIC 07T08,ISIC 09,ISIC 10T12,ISIC 13T15,ISIC 16,ISIC 17T18,ISIC 19,ISIC 20,ISIC 21,ISIC 22,ISIC 231,ISIC 239,ISIC 241,ISIC 242,ISIC 25,ISIC 26,ISIC 27,ISIC 28,ISIC 29,ISIC 30,ISIC 31T33,ISIC 351,ISIC 352T353,ISIC 36T39,ISIC 41T43,ISIC 45T47,ISIC 49T53,ISIC 55T56,ISIC 58T60,ISIC 61,ISIC 62T63,ISIC 64T66,ISIC 68,ISIC 69T82,ISIC 84,ISIC 85,ISIC 86T88,ISIC 90T96,ISIC 97T98
ISIC 01T03,1.215741131640167,0,4.4934119671185386e-4,0.0016009639228589934,9.302912368664983e-4,0.20447316472611285,0.021011027857266332,0.0968421877276952,0.012781976171226095,9.475652938606865e-4,0.017176489702640584,0.017176489702640567,0.010571766417458243,0.0014193051606335276,0.001419305160633527,6.301278218587139e-4,6.223865841493415e-4,5.929719531455576e-4,2.942629460473529e-4,8.367855472554746e-4,7.599521330050724e-4,0.0011729864013647901,3.7865661775646165e-4,0.006028839524623064,3.8876330712175373e-4,3.9326458054934107e-4,0.0011320079701419938,0.0027039314669483265,0.0017190687445206097,9.699671818085197e-4,0.01827851066509517,5.62581335336296e-4,6.69725811281545e-4,7.023923805398942e-4,4.657331144873559e-4,5.437925272159914e-4,0.0017808227257066274,0.004648917370492419,0.0027004030029233353,0.002237033435880358,0.002683742796989513,0
ISIC 05,0,1,0,0,0,0,0,0,0,0,0,0,0,0,0,0,0,0,0,0,0,0,0,0,0,0,0,0,0,0,0,0,0,0,0,0,0,0,0,0,0,0
ISIC 06,8.633896030635409e-4,0,1.004141034173643,8.925370980448984e-4,4.6783609746289736e-4,2.535032500800553e-4,1.3825880646407588e-4,3.4243603077767083e-4,3.920672149773107e-4,0.11875699977115411,7.333707492472593e-4,7.333707492472585e-4,2.1315332916316913e-4,2.3554129515135884e-4,2.3554129515135878e-4,0.0033474676117025565,5.330153142491127e-4,3.782518914517847e-4,4.838515251855393e-5,2.2805334459691758e-4,2.1526816642372518e-4,1.46165096711617e-4,7.248032937760795e-5,1.546900401075857e-4,0.0025115150276672385,0.0023986166221896255,5.859555357561255e-4,3.1537173594164394e-4,9.154246439541451e-5,0.0012403338289402714,1.3193054786450256e-4,5.2040766652640504e-5,3.914983173343229e-5,6.253456249709298e-5,5.236977067463657e-5,3.6774551905615634e-5,8.18688904943571e-5,0.00077852889899905305,1.934546356812404e-4,6.728456223315977e-5,1.0466451050043211e-4,0
ISIC 07T08,0.004387050804241379,0,0.02927844741286943,1.052029364967529,0.013817631814089132,0.002603555353827739,0.0030870728793254533,0.0017354334317367665,0.006100386345795099,0.009447760832960476,0.010386194306018032,0.010386194306018021,0.005110117435817368,0.059314576415415196,0.059314576415415175,0.03114707544171058,0.03167624911316595,0.004397413943832264,5.720679580265332e-4,0.003452488053269185,0.002349791463456296,0.0024322415406589836,9.683697770341629e-4,0.002031685757431062,0.008701004164257772,0.008316987049598752,0.0021640368445660814,0.00911241026307115,3.768695871484686e-4,0.0011131314245132098,0.0011626656245957902,4.44492915502193e-4,6.905899040197717e-4,7.808327377849506e-4,2.0800736654208213e-4,7.230536834589384e-4,0.0010582529827396457,0.0027028548860788273,0.0011879396504901837,7.474796663258628e-4,0.0020343454718638188,0
ISIC 09,6.535006601167824e-5,0,0.0281484743103494,0.004826583294900357,1.0115651191497914,2.7250887484603454e-5,2.280735881756808e-5,2.807018793679901e-5,5.1175823167752214e-5,0.0050270813458476015,8.465414566907587e-5,8.46541456690758e-5,3.6824678111350273e-5,2.851607393170098e-4,2.851607393170097e-4,2.883009522696932e-4,1.7273795572790004e-4,4.3591430520380525e-5,6.694252269700339e-6,3.0085768329999264e-5,2.524273266380662e-5,2.1312881719553278e-5,1.0463059266304466e-5,1.996674029221e-5,1.580289737435759e-4,1.5135864313969215e-4,4.073793753563957e-5,5.993564060330881e-5,9.284971675804638e-6,7.038704080973088e-5,1.5404125452106877e-5,6.487100977777904e-6,7.748754422120223e-6,8.71495968064229e-6,5.735915680936201e-6,1.6991581763753108e-5,1.4742019182715966e-5,5.8492657498721296e-5,1.7889172006180825e-5,9.099829980168773e-6,1.8045001396498193e-5,0
ISIC 10T12,0.05202696959278804,0,6.030316812800605e-4,7.627970990949155e-4,8.828405090284984e-4,1.126097701321238,0.006540212855808601,0.005134194707262713,0.0034041915860123697,0.0016635781492204663,0.008728250587176174,0.008728250587176165,0.0044569659702316826,0.003274736772931584,0.003274736772931583,6.249153425966539e-4,5.995858323934324e-4,6.553684162150919e-4,2.807098392258789e-4,6.026365596438304e-4,6.43983181361749e-4,8.587890527245043e-4,3.740134687572593e-4,0.0013848411410359775,6.263878425310532e-4,6.176367541793722e-4,0.001216403654679589,8.223263605168407e-4,0.0019595313274296533,0.001090767106841124,0.046858320646320444,5.318666926338744e-4,5.289032529527819e-4,0.001170396566071739,7.550569719233617e-4,6.126496107048426e-4,0.0021477762416604487,0.01171925797839257,0.010078500666250092,0.007967459594904105,0.00661109939902096,0
ISIC 13T15,5.222329903490986e-4,0,1.3326624818735648e-4,2.594310043868154e-4,2.1853434387176133e-4,6.155815166753084e-4,1.0759780754244253,0.002408491004613361,0.011522594794965549,3.290394509131377e-4,6.513019403995535e-4,6.513019403995531e-4,0.0070473407392274276,0.0012119657766235723,0.0012119657766235718,1.9047384090268378e-4,1.8709468935302535e-4,1.9651623733315323e-4,1.0794445190779228e-4,2.9425531080907053e-4,8.554024791946985e-4,0.003992446651917309,0.0017996029209159479,0.013690244662592705,9.092243895274004e-5,9.33991422466883e-5,0.001360006135005525,7.476814019580515e-4,0.0017353335574403403,2.2330647939811376e-4,0.0019748581518671806,8.290397126989283e-4,0.0012913879693424492,1.6673530518320037e-4,1.0049304032555023e-4,9.955182016572727e-5,3.8366965352162224e-4,0.0014734963038982823,2.9277765384660775e-4,0.0017279186172120449,0.0020206102283620753,0
ISIC 16,0.0016803956110307168,0,4.44445038113076e-4,0.0021845690174664536,0.0024058351207066854,0.0012835639097718127,0.001275059624485599,1.1555164522362247,0.013679468682735422,6.592474196902347e-4,9.250011231813509e-4,9.250011231813503e-4,0.006596966067713581,0.0023800511982964893,0.002380051198296488,0.0020477221803214696,0.0020815824335162895,0.0011356743084838658,8.227087690612022e-4,0.004224711067495527,0.002605321543411137,0.004903742281375084,9.33212443376127e-4,0.03603099431160993,4.901822670348448e-4,5.036859858862802e-4,7.834412424109091e-4,0.018309125705951917,0.0017235885107083227,0.0036155443960972943,0.0016124719589197711,6.662269850461282e-4,9.782951144771425e-4,0.0010788492639961756,3.400754885679532e-4,0.0015955139440317324,8.999286612050331e-4,0.0013645007992681604,5.120073484689865e-4,0.0013075658896111596,9.782177311778108e-4,0
ISIC 17T18,0.00228122294322158,0,0.0010922084693330313,0.0019520290407097258,0.0014849516855788857,0.015894454075734272,0.006495535961094258,0.006126063276457052,1.118151623282922,0.0011858613479802948,0.005293804438765772,0.005293804438765767,0.010737968533932756,0.006622098501861502,0.006622098501861501,0.003707102460854387,0.0037685870948338312,0.0036076990311640386,0.001316257497759593,0.005588832729215056,0.003863029867234054,0.0055894163364519625,0.0015445972638924888,0.009013422858302447,6.23816757817809e-4,6.642937310339116e-4,0.0025671275102194784,0.002183456788229745,0.0050605144086636,0.002583905774885675,0.006210546699163572,0.005836712252271784,0.0015995769605907416,0.004703115745100599,0.0028519102947120135,5.227927122847163e-4,0.004806344862118854,0.005213756054698397,0.002574367395686214,0.0045351554911164235,0.0028677611248548703,0
ISIC 19,0.0047590420649179805,0,0.0016893110293898703,0.004743763371906489,0.0021347541912004244,0.0013658417178805408,6.92748363262048e-4,0.00181863173156666,0.0020906788788862527,1.0051259427099397,0.0031897419525375066,0.0031897419525375036,0.0010551691898117047,0.0012114173128094587,0.0012114173128094585,0.002273189512657741,0.002203620408269848,0.001699171563507448,2.1702077317570833e-4,9.918107701448096e-4,9.700335662017101e-4,6.213252468170289e-4,3.1888716565950967e-4,7.369232205693103e-4,0.006069745425269517,0.005809789812145397,0.002202163839080738,0.0017161053039384349,4.734204005876424e-4,0.0068785857352351995,6.882936782721206e-4,2.0278596664496094e-4,1.8785576702137486e-4,3.180482270209648e-4,2.806765568453425e-4,1.8227267116471292e-4,4.301890793591724e-4,0.003631527705163934,5.183601302868825e-4,3.449492067234247e-4,5.11616956396571e-4,0
ISIC 20,0.024754656218668278,0,0.008373380363316616,0.009151657778465576,0.007764685856916657,0.009795779600662012,0.05809958762855016,0.01380519565745857,0.01909938580229724,0.022318897831500907,1.1136150903621196,0.11361509036211853,0.09628835509861347,0.012188315846295504,0.0121883158462955,0.004161129249669913,0.0037183220348277657,0.0073105262046284395,0.0030646791007073126,0.007839984009184687,0.005069303442497543,0.009945679365136498,0.00266446576620421,0.014376004283080562,0.002340703230528284,0.0022736785815122332,0.006381247496404008,0.0050169440457239105,0.0014766732197414637,0.002663178660324755,0.0024026227554129853,0.001259644903248857,0.0015031157213316745,0.001309579885169602,5.367487644679614e-4,0.0012870131206202875,0.0060384936636173935,0.0056173057050870785,0.0014761622698810997,0.00845115965734006,0.0032829177142440972,0
ISIC 21,0.006188664054667066,0,0.0020933450908291536,0.0022879144446163934,0.0019411714642291644,0.0024489449001655014,0.014524896907137534,0.00345129891436464,0.004774846450574308,0.0055797244578752285,0.02840377259052963,1.0284037725905295,0.02407208877465336,0.0030470789615738756,0.003047078961573875,0.001040282312417478,9.295805087069413e-4,0.0018276315511571092,7.661697751768276e-4,0.001959996002296171,0.0012673258606243855,0.0024864198412841232,6.66116441551052e-4,0.0035940010707701396,5.85175807632071e-4,5.684196453780582e-4,0.0015953118741010017,0.0012542360114309778,3.6916830493536576e-4,6.657946650811887e-4,6.006556888532462e-4,3.1491122581221427e-4,3.757789303329185e-4,0.00032739497129240024,1.341871911169903e-4,3.2175328015507176e-4,0.0015096234159043484,0.00140432642627177,3.6904056747027477e-4,0.0021127899143350147,8.207294285610234e-4,0
ISIC 22,0.0049546251694815874,0,0.0015574268574171512,0.010189833339112457,0.007135149607481863,0.01404102124861118,0.008368367088130558,0.008690990457986355,0.013221178776091991,0.0020586431847141318,0.01030159324352423,0.010301593243524228,1.0464374567219084,0.006251581298365716,0.006251581298365714,0.002670281273594894,0.0026851970798740686,0.004994913729965104,0.005058508262851381,0.011104219145149693,0.017796578822592515,0.026424217937905323,0.0068330418191869455,0.020953979361929147,6.414157897845534e-4,7.25989655205076e-4,0.003375718003206777,0.011476495738466923,0.003941241618147871,0.0027025459975118255,0.004649292416403114,0.0022001517624252497,0.0039015539499992484,0.0021948722510974523,6.221324388721571e-4,6.451078940749695e-4,0.002637181247019436,0.0038387906427767658,0.0016584758311848269,0.004638754547714125,0.002950485989020741,0
ISIC 231,1.9015789220490744e-4,0,7.733689542641961e-4,0.0011030019372088573,0.0016203000296521719,9.159815875126687e-4,2.0203808511559906e-4,0.0018216514616613856,5.260870115309845e-4,8.01009875296268e-4,4.884602054039444e-4,4.884602054039443e-4,0.0015589482317801579,1.0184284670402675,0.018428467040267214,0.0019069328399288557,0.0019339026003149947,0.00106392121068975,2.470246901444468e-4,0.0027360160748703087,0.0011662422037528738,0.0024495314462889685,3.180731095806637e-4,0.001088246370208796,1.6874891591208148e-4,1.695106856092481e-4,5.631414348930738e-4,0.006888663725317073,1.6018813510661575e-4,1.990157689347019e-4,5.185903298094561e-4,3.175287119704721e-4,6.537149298562704e-4,2.3092337422276664e-4,6.765421979611409e-5,2.452652957323835e-4,3.925131549276539e-4,4.4284260828375864e-4,1.4360035542497772e-4,5.07180638672286e-4,4.0313430046134567e-4,0
ISIC 239,5.704736766147221e-4,0,0.0023201068627925875,0.0033090058116265727,0.004860900088956516,0.0027479447625380054,6.061142553467967e-4,0.005464954384984156,0.0015782610345929538,0.002403029625888805,0.0014653806162118327,0.0014653806162118323,0.004676844695340471,0.05528540112080164,1.0552854011208015,0.005720798519786567,0.005801707800944984,0.0031917636320692487,7.410740704333405e-4,0.008208048224610923,0.00349872661125862,0.007348594338866903,9.542193287419907e-4,0.003264739110626388,5.062467477362445e-4,5.085320568277442e-4,0.0016894243046792214,0.020665991175951217,4.805644053198471e-4,5.970473068041058e-4,0.001555770989428369,9.525861359114163e-4,0.0019611447895688107,6.927701226682998e-4,2.029626593883422e-4,7.357958871971504e-4,0.0011775394647829615,0.0013285278248512757,4.30801066274933e-4,0.001521541916016858,0.001209402901384036,0
ISIC 241,0.0012183781878047054,0,0.0026904332070638616,0.0020101478988710023,0.0017157388859130771,0.00104493600256329,4.843604590456367e-4,0.0014382313626787053,0.0015574910816240875,0.0013758183229648153,9.416339368581178e-4,9.416339368581177e-4,0.0016805311875453905,0.0020540792087880735,0.002054079208788073,1.0454705428798239,0.04654586565873637,0.024581731718086794,0.0026498916697202265,0.016682714499543682,0.013461283395844613,0.010884228382737287,0.004099386811518964,0.006168724059250593,0.0011287902420631722,0.0010998175334974635,0.0015989331104674135,0.001893487612045345,2.8329994147584107e-4,0.001526868599351321,3.319489010730489e-4,2.7012108510704425e-4,4.490423011277151e-4,3.68041061933613e-4,1.0114659007656745e-4,1.7828139777416308e-4,3.9069415541344326e-4,8.874040213971441e-4,3.0625420008094893e-4,2.78644268978202e-4,5.872699150957128e-4,0
ISIC 242,0.003075729858320043,0,0.00786562907963215,0.005452899144570282,0.004887314222390169,0.0029685192657626864,0.001368740525418221,0.004093278986482216,0.004417936898535434,0.003503380778402263,0.002436556536436073,0.0024365565364360725,0.004913128635260551,0.006014749774544544,0.006014749774544543,0.13613487195583013,1.1393693102043385,0.07353832411062838,0.007923253125225654,0.049927392343472946,0.040265750367299104,0.03257703993085744,0.012259336502837677,0.018416453117599218,0.002647390273789376,0.002592121270605799,0.004528689894178051,0.0054715301404432174,7.922617527638871e-4,0.0037431505108296965,9.120482012859128e-4,7.856744331593633e-4,0.0013242558058373587,0.0010654013933331461,2.692679105513412e-4,5.126528275303234e-4,0.0011197077292111693,0.0022200801791714734,8.556531983244648e-4,7.939358691753546e-4,0.0016995213125104484,0
ISIC 25,0.005255327034376365,0,0.01680859773428828,0.008523949318176184,0.007577132478526989,0.011153893044749822,0.0053778925005960355,0.017463858047482697,0.015758316104005313,0.005898054037976148,0.007974820066685168,0.007974820066685168,0.017558243212202083,0.008744005635213166,0.008744005635213166,0.01305651071558097,0.013231081519790366,1.0516044737101085,0.010539271428384145,0.03676176210277408,0.03796858528168916,0.028779632398783006,0.02223967446152535,0.023563774397624138,0.0019928396642209466,0.0025919042997793167,0.015421772378773676,0.027149662879184806,0.0017015845263417954,0.0035775836794212524,0.003581091388558355,0.0043214517368503486,0.008188553974347309,0.0033324838653346145,6.41388748022034e-4,0.0013576043160918032,0.0026004870973404723,0.0035131603039150333,0.0015989920873990479,0.0020632686949639584,0.004003797685711298,0
ISIC 26,0.0022976962665116696,0,0.00518189108388658,0.005603654205188692,0.006653291104694212,0.005746117927817499,0.006833835936334076,0.010140817860973943,0.006126271071725634,0.0036866923741673083,0.0081808853247932,0.008180885324793198,0.009393380534464474,0.005831676098209024,0.0058316760982090226,0.00631741974537221,0.0063815743828213225,0.01357297398670881,1.0715904118379143,0.02010499545218553,0.01755920082552421,0.028092351297014848,0.04249910890779853,0.012654171520411032,0.002653987087080605,0.0026910261348618565,0.010859721798741746,0.007317468602638805,0.010668590524235652,0.004724348380540126,0.004825855897019165,0.012652471386650627,0.018754949981557013,0.014892522509436502,0.0032651503913787047,0.001849841390977389,0.009628188262958706,0.005600849022298124,0.0042816770301099686,0.007199545689723044,0.006230906583349537,0
ISIC 27,0.005774470630851802,0,0.0013087495952805632,0.0020621485056754496,0.00494962874776961,0.002850496652966392,0.0010189074809616825,0.004412029099768568,0.0026847330225322538,0.0015930344813712867,0.001650005409203184,0.0016500054092031835,0.0036704042505728268,0.0012139701026734938,0.0012139701026734934,0.005663442445593631,0.005762706075140717,0.006742950155215701,0.005931281849025186,1.0547138589050893,0.028765904284758382,0.00932085460755376,0.0043161418628876016,0.003245658952183066,5.104298668610134e-4,5.1948037234174e-4,0.007659165880884462,0.015428281531958394,0.0010336814071749904,9.834129741257763e-4,0.0013986525257931367,0.001860149994072543,0.003809539280561854,0.0031511464660864534,3.422673884986907e-4,8.127380876641051e-4,0.0021226821103050545,0.0022086429213891067,0.0012339533881308737,0.0011440315077902944,0.003408502604615414,0
ISIC 28,0.006275477760525008,0,0.017693851839657743,0.025104139377944167,0.028124328179253054,0.005107152172603269,0.0012054242494254944,0.00458213867942574,0.007760267880520744,0.005499730593795758,0.0046528018741456055,0.004652801874145605,0.005978325244144099,0.00285079027740804,0.002850790277408039,0.003894303802154534,0.003855152814904318,0.00935926540684934,0.0014149230117823299,0.01257654779112193,1.0579883700803894,0.03966808151885209,0.008169211401847436,0.003168207709741195,0.0029156231361773216,0.002859821381246292,0.02641203046551789,0.012270044602766792,0.0012122547313445755,0.004764507806295918,0.0011780890785803894,8.86632885383707e-4,0.001388617650078183,0.0026855512608164028,5.013531575866634e-4,5.798602047910805e-4,0.002234188298854565,0.002248990965350797,0.0034868936889448808,0.001092943764609048,0.004422483643887878,0
ISIC 29,0.003954930081403355,0,0.0036937843583241623,0.008009281125475382,0.00564319818532161,0.0065168319326728485,0.002204532642642637,0.01667808046847841,0.006678485854640246,0.002230082152530315,0.002648906354342596,0.0026489063543425955,0.003651434237957353,0.004607078491298912,0.004607078491298911,0.003911940109590211,0.003952954997205363,0.004513193915530659,0.003018265610434025,0.0061516282012341675,0.026609123534067008,1.2074636686531741,0.008985315920941223,0.0062545698688234895,7.943938847696559e-4,7.933728020594468e-4,0.009911709862742084,0.002536851272695234,0.004816064959869534,0.00871727557601396,0.00202243821561704,0.0014089146556015878,0.0019402752979776447,0.0011599521369347738,4.8696886098225435e-4,3.733773015570352e-4,0.005100464396982402,0.004071904535170276,0.0017099145760188744,0.0023803135602120237,0.009073009465709294,0
ISIC 30,8.754954817833646e-5,0,6.720297574817919e-5,1.407645894375001e-4,8.38859991317632e-5,1.1799090231157404e-4,8.743402683833923e-5,1.5733738269329786e-4,1.1845028820725569e-4,9.621450093035233e-5,7.310604204633404e-5,7.310604204633401e-5,9.63932718891641e-5,1.4619325749023313e-4,1.4619325749023313e-4,1.1675024978258323e-4,1.172510479788469e-4,1.3677767282849125e-4,3.4908075182396745e-5,1.1628496091269525e-4,2.5318688316532323e-4,4.789784692399861e-4,1.1525897859504264,8.175269376882391e-5,9.646463047360653e-5,9.600892283165765e-5,3.087703445604163e-4,8.299023704973148e-5,1.1793885482363291e-4,0.00226507214231398,7.458384086102729e-5,5.053831573685604e-5,4.850969623112136e-5,8.479609345262126e-5,4.8336177781878235e-5,3.047776562576979e-5,1.9788332149356394e-4,0.0022871499276110605,4.526378921402874e-5,7.139580900969352e-5,1.3857093841643662e-4,0
ISIC 31T33,2.853929851563698e-4,0,2.9871944984589174e-4,6.197754052324352e-4,5.153117007939778e-4,2.579503051580455e-4,0.0017331236178135558,0.002971057047094823,4.167672191727889e-4,2.943944677669202e-4,4.800771337344355e-4,4.800771337344355e-4,0.0011705068289309386,4.478793990673214e-4,4.4787939906732133e-4,2.4858903160752477e-4,2.4747199029713675e-4,3.17235431991255e-4,1.962403509825153e-4,0.0022380268037388994,0.0034767890852829613,0.0025467313391931046,6.099806216187124e-4,1.0251133380988604,1.8681652126053503e-4,1.8919362170159194e-4,9.683452689249298e-4,0.005478377310125596,9.713637590464603e-4,3.229345565645703e-4,8.578251801628949e-4,2.3041855055827947e-4,3.273252331373844e-4,3.98044919992545e-4,1.5367550412954096e-4,8.410469852574863e-4,9.445565236019247e-4,0.001404825553067879,6.379719692025052e-4,0.008951461580321049,0.0016753100018692011,0
ISIC 351,0.004314219347123229,0,0.007207368757329852,0.0063755302768017256,0.0013374406846894732,0.002555226940874539,0.0024022116118057615,0.00324649577629514,0.00470220450903756,0.012954983160511425,0.003293714508430558,0.003293714508430558,0.0036324245353476924,0.005066105055205777,0.005066105055205776,0.004256227344112609,0.004044093798170967,0.002490707790919791,8.137218780244652e-4,0.001496205547310074,0.001556898880780836,0.0014582315399659482,0.0017251868053252282,0.0016317225141563411,1.0107866430255394,0.01048066712794788,0.003624071233917308,0.0014079155231453105,0.002317571617502987,0.0018606935218153124,0.0035058437252932363,8.50977531309911e-4,0.0012648749219004573,8.848969410729692e-4,5.529458973548303e-4,0.0010608364215855663,9.14117137301229e-4,0.0019354212954312306,0.002327508536165992,0.0013654395842340142,0.0019851331398040516,0
ISIC 352T353,0.001269614767776529,0,0.002294640798924131,0.0018719683476313648,3.957966257650389e-4,7.494885773232789e-4,7.043276236150971e-4,9.515982652436741e-4,0.0013770285062038579,0.0041118298707876495,9.69407707867319e-4,9.694077078673189e-4,0.0010636778154881532,0.001482791273721789,0.0014827912737217887,0.0012539850342142907,0.0011842917617821084,7.29681116778549e-4,2.382322292407958e-4,4.386377909860395e-4,4.5631411182205474e-4,4.2697166989768767e-4,5.047058744346532e-4,4.785197146910502e-4,0.003281951625511209,1.003186434619256,0.0010730218607558973,4.1474513640472936e-4,6.785936959741945e-4,5.564407317752294e-4,0.0010261224482590015,2.494638044142844e-4,3.7035172177813703e-4,2.5989775413717554e-4,1.6263917813550771e-4,3.099091603072002e-4,2.6864606979361825e-4,5.821104758320282e-4,6.813089319106616e-4,4.0011162130860697e-4,5.812809823910088e-4,0
ISIC 36T39,0.0016072536425908723,0,0.004632499327473307,0.0021309394166657363,6.774839183883334e-4,9.554755413229e-4,7.920354295616839e-4,0.0011619770283274639,0.0015348948887194964,0.10055221084220195,0.0013920829525309974,0.0013920829525309972,0.0011582617438295971,0.0015992488539852395,0.0015992488539852392,0.003841610797190364,0.0014831628822579508,9.518163969992506e-4,2.702333585633116e-4,5.885176705342867e-4,6.183210611206359e-4,5.382822125340742e-4,5.28628900011781e-4,6.186865525837594e-4,0.004194201012814153,0.00406091566243977,1.0049851176115039,6.336519867700041e-4,8.103704725196621e-4,0.0015955464438984581,0.0011001106349381089,3.123550831796429e-4,3.917660440846565e-4,3.8075560166733795e-4,2.608376891651613e-4,6.405326258038584e-4,4.520806080059614e-4,0.0012960780792568981,7.90884854297292e-4,5.516278094293254e-4,7.099623756941325e-4,0
ISIC 41T43,0.005715949691719927,0,0.0029626693856331194,0.034226494982417484,0.021259678564174385,0.00437664785541736,0.0031975572493508015,0.0048812916155875985,0.0074995221247243634,0.016346314568648743,0.004299878510337156,0.004299878510337155,0.005118159273206112,0.009991944599158769,0.009991944599158767,0.007344546321993353,0.007125023316840368,0.0055004642389429185,0.0022136594617348055,0.0027612656868225114,0.003864527931670032,0.0029436879254486955,0.002321887584297824,0.003565457949702896,0.012348874630409849,0.012658181107790411,0.004523206549803339,1.001943078911068,0.005844570937362217,0.008198500679922253,0.006768547093209013,0.0027746164753214247,0.0043338306289222054,0.0023514717675261164,0.0043748636386369425,0.03118776113095385,0.0034456010890772525,0.021553749034322237,0.00841297676659081,0.004175448418078139,0.007686631946937598,0
ISIC 45T47,0.04236837397198223,0,0.011575565367895998,0.020532822464004657,0.016411541537624016,0.04006932627152553,0.023408063828726726,0.04098997157607939,0.030600313506482336,0.018184422467638645,0.030081457216463187,0.03008145721646318,0.029257711546891354,0.021216375368491476,0.021216375368491473,0.033475373807955296,0.03384826894343286,0.022102387918454213,0.012357654950754082,0.026859558717827223,0.034081772703368866,0.045870474224435936,0.016609266836873464,0.030051837165079375,0.012879773986828798,0.012687116181806476,0.019704330295275303,0.06414244715707154,1.012395377727174,0.026812719839340627,0.021995668457228574,0.010505588340070586,0.011216659355149941,0.007660529577663427,0.004812602412446836,0.006792267857763076,0.011734534408899086,0.011731315595049531,0.00738210303724007,0.01244991216901527,0.015656650279108373,0
ISIC 49T53,0.029165578016060085,0,0.00797407868032884,0.025572770292143263,0.012916068057037773,0.040142421469201446,0.023302459808200927,0.04397630268915422,0.03801642127994088,0.023063941084323247,0.018820267037733828,0.018820267037733828,0.030274542255099176,0.054199675075440906,0.0541996750754409,0.04114156945044472,0.04158242231359682,0.01893569082707159,0.005239607808983846,0.015730809887661158,0.016102035062979726,0.017813603629001796,0.008443844100163246,0.02179451539222879,0.03130464976930438,0.031005486287575195,0.029686923699827974,0.01695528611175523,0.03426704087121806,1.1309557571316788,0.012653021135174752,0.00809263797315967,0.0056691826545657515,0.019255183636134522,0.009865509295015774,0.00507435782244019,0.017922280572876717,0.017640247259712496,0.008067175316627559,0.013889422033084716,0.010007239584250977,0
ISIC 55T56,0.0019997788550243883,0,0.0016463239996692982,0.0020099054250175795,0.0066311088986415415,0.0023704380581718184,0.002026902900792233,0.0032612799229315317,0.0034170242177161145,0.002280293290102287,0.00164575596469487,0.00164575596469487,0.003530443639611786,0.004289882147609896,0.004289882147609895,0.0026489555123954543,0.002657945950352379,0.0030300496413892264,8.608816688031345e-4,0.0015678434760596303,0.002624206248298378,0.0019320796238642007,0.0013273493855403742,0.003123622245102381,0.0065254254036321005,0.006346315905017343,0.009802575486656074,0.0017855430524442303,0.005726875239455094,0.007355679106707883,1.0147942734789037,0.0035224716074242655,0.0031762184862821675,0.01591172035638364,0.011622498484342004,0.00871654296803038,0.014777079033957582,0.006248306552788884,0.006951510837025385,0.022621863858572174,0.006073793079243796,0
ISIC 58T60,9.147747946584286e-4,0,0.0012338893768265853,0.0012044219048904087,0.0020379908734232907,0.0010683807316711506,9.849875595490398e-4,0.0015069795586447104,0.0013733132690541526,7.663829862145865e-4,7.017630488196329e-4,7.017630488196328e-4,9.684107261719218e-4,0.0022434049410929927,0.0022434049410929922,8.694148069933883e-4,8.719274083294818e-4,0.001415368791208867,5.427178585131643e-4,7.506836815204408e-4,0.0013947842816589432,7.701289369400957e-4,0.0010836189489120576,0.0013001659935186903,0.0013372935512813698,0.0016028967714099907,0.0028681302185905597,0.0014328041271865503,0.00216464121938357,0.0019511124866729945,0.0033942798076526124,1.0251435331420913,0.03291252639101458,0.005396701907048291,0.002175679869777286,8.541445563934225e-4,0.0034450540326869494,0.007129039575202714,0.002537831466923415,0.002194476342237412,0.00255466064113976,0
ISIC 61,0.0015448004577186204,0,0.0021038017539012264,0.002139042348198278,0.003664532275266928,0.0018557455891892898,0.0017495075687216763,0.002518982721622972,0.0022238432675395713,0.001310563904343214,0.0012499613745517856,0.0012499613745517852,0.0016636146411427766,0.003885140464234819,0.003885140464234818,0.001480064250017105,0.001484197796253493,0.0023852560598436007,9.381467739455106e-4,0.0012958530492456267,0.002368434329917764,0.0013339030200318841,0.0016986223296921522,0.002188992356733331,0.002119923845284895,0.0026003603836644335,0.0049089592102294,0.0023904584790928655,0.0034515100944667323,0.003327694720657984,0.005078209499185013,0.027270159970278412,1.0476998052842983,0.008400238765204461,0.0035186896268852605,0.0014829064180966443,0.0051897946657757515,0.01158992613403891,0.003523613134859685,0.0032588909841488488,0.00419757363003852,0
ISIC 62T63,0.0021725166002936136,0,0.010181696309492557,0.006648191099510635,0.004307933307128047,0.004049304202733794,0.00403461908919638,0.006264678623472693,0.00566933227443441,0.0042692831401068025,0.002692080375767896,0.0026920803757678946,0.004154665777178326,0.007769246475924336,0.007769246475924334,0.004251560253395541,0.004251128051494288,0.0070719607745753695,0.0022321584539489203,0.003812325948892652,0.007939947927155697,0.00346760811533535,0.007709042076834869,0.006508082254685481,0.008709149198945254,0.008466700556212849,0.011647940064348642,0.004532451312994778,0.009771822764220638,0.006002991410270498,0.010837397906352356,0.013407641227063142,0.009291726767288146,1.0225723132714326,0.01144498152886973,0.002038534263959747,0.016167623078327746,0.015911632121859365,0.00988437141270547,0.006857172791514196,0.009088251470118734,0
ISIC 64T66,0.006266884921745647,0,0.009856103330286452,0.012598266910334366,0.03498730520735982,0.0050354710286631315,0.006406841321131899,0.00448423021007519,0.004135080400053411,0.0036244437085767287,0.003953593471585121,0.00395359347158512,0.004512037274449782,0.0065185953374716265,0.006518595337471625,0.006766390205169799,0.006843011766407869,0.006256316575263167,0.0034364743388509383,0.006335085503289545,0.006468138742274592,0.006138117525383578,0.003601931171107761,0.0074868811094987555,0.005896027298053651,0.006491463885178646,0.007305109120177942,0.003431008483011986,0.008853115374149562,0.013477817738790565,0.010404915014180208,0.0062015501542931895,0.007001538082442742,0.005233840413777925,1.0753096836541716,0.014807004048669005,0.008980085238632531,0.007542089297703038,0.00597713525560923,0.009871973345848462,0.008224253977871906,0
ISIC 68,0.015834122400586445,0,0.011842587871430303,0.009216551492167177,0.01579495461148525,0.01456011749896586,0.01690915561568744,0.015197961578439228,0.019696606241444647,0.008466555367851871,0.012031830998900326,0.012031830998900319,0.018483552465674406,0.015504951439993447,0.015504951439993446,0.008407337225963034,0.00840589309364249,0.01999085371511968,0.01204504628365229,0.010933002457586702,0.012718457351836061,0.010421788511237028,0.008417988204057805,0.020721232372888695,0.022058818381984195,0.021692920434662543,0.03448672303483792,0.01764624075664413,0.07205187406035261,0.028952521681375035,0.06112968656907571,0.031174500899197082,0.038431311943492065,0.027594680897270435,0.030275272552847416,1.0384888974581934,0.04983289212347743,0.01716382017941475,0.09850328031725988,0.075836317717707,0.0960846900816052,0
ISIC 69T82,0.012016686545769449,0,0.05979364621820923,0.05901607407913205,0.06192587012418976,0.0326474046125871,0.03868500399639576,0.02095798149897339,0.030405645967272004,0.026385615581911864,0.03341768488388017,0.03341768488388017,0.025228539713838875,0.03332867685500164,0.03332867685500163,0.024616635877829383,0.024573496382337582,0.03536532160913953,0.021206524061654835,0.024641801181189277,0.03918575122298243,0.027676627693231235,0.027161881023165815,0.031340766882463504,0.03160747613516956,0.03195593731509231,0.05673235765584131,0.025836239358308304,0.05335239118568827,0.05064674086913412,0.05735054482797727,0.045954336704858524,0.04306440717841438,0.06431079850626395,0.03458419046908877,0.021283991815476657,1.0658774143893548,0.028600175485922936,0.0297517934846719,0.05102623011671284,0.040018934029627105,0
ISIC 84,0.0037470591374360643,0,0.005487313132151369,0.00620478648268777,0.004960894215337809,0.005577238886570071,0.008622735545079526,0.00480886092795315,0.007608063069441468,0.006796509029310245,0.0055032400905850225,0.00550324009058502,0.005272988636962601,0.006914626165369854,0.006914626165369853,0.005143119515036117,0.005102798877477299,0.004409138975748442,0.0018109203242655755,0.0030581216787090733,0.004100174616198639,0.0032947898913420464,0.0030271694625631455,0.0050895207135171665,0.007634152308067883,0.007609615311032194,0.01337211750343146,0.0028466210321960845,0.0067259346681480155,0.008038401852646631,0.008504480778038637,0.003948647558601433,0.004031132494107395,0.005420473413258601,0.005327439266649811,0.0035240332977776547,0.006597011120862477,1.0074345737309305,0.005041671393506453,0.007569247716159072,0.006549499743322077,0
ISIC 85,1.604941931715942e-4,0,5.213059962497909e-4,5.080227907348499e-4,6.17545865417305e-4,3.206574821325966e-4,3.492812305224229e-4,2.8106099235693287e-4,3.4913915662120607e-4,2.7983258780513675e-4,2.9623020866223303e-4,2.962302086622329e-4,2.9824603372235765e-4,3.9876916145933385e-4,3.9876916145933385e-4,2.7644672323590505e-4,2.763641533290919e-4,3.732704458837584e-4,1.8448563071348837e-4,2.407654497012498e-4,3.968702062550926e-4,2.725022978710527e-4,2.7762505183774963e-4,3.4475105566476313e-4,4.794526693192157e-4,4.7547722741530575e-4,7.360463724780452e-4,2.7053359095202174e-4,7.608270456795765e-4,5.945432857779359e-4,8.307745553164408e-4,4.91711980677212e-4,4.393377516289586e-4,0.001010464457078966,6.043131572163802e-4,3.7820306355419134e-4,9.37783314394634e-4,9.37965333908855e-4,1.0014385025291086,9.388825331191809e-4,0.0010077432932096518,0
ISIC 86T88,1.9753586649481997e-4,0,3.7040277559282405e-4,3.86547016997282e-4,3.488404775587168e-4,2.836267621768288e-4,2.724949512275618e-4,2.761140933961617e-4,2.829626545994206e-4,2.2809305567069997e-4,2.456911352493197e-4,2.4569113524931964e-4,2.3781973630317924e-4,2.954607736712289e-4,2.954607736712288e-4,2.46830701876471e-4,2.472876503661317e-4,2.8200866863990596e-4,1.3769701846490242e-4,2.1158601771306194e-4,3.326720336405001e-4,2.689757137215505e-4,2.3719801965822114e-4,2.831939816918247e-4,2.938862099393949e-4,0.00029106880916293963,4.3335359788907216e-4,3.191706619365061e-4,3.6204735544427086e-4,3.5421544766417516e-4,4.3869976148860624e-4,3.3087869924453136e-4,2.710736171480332e-4,5.493573897111433e-4,3.0728574983264733e-4,1.7588438734376528e-4,5.403264544829274e-4,0.0039580307990137766,2.7349931023434886e-4,1.011015172857191,4.0799300636478337e-4,0
ISIC 90T96,0.002466919562162876,0,0.0019103403014579929,0.0029539895712768207,0.005778808276205015,0.003955178777409293,0.0031507133731616547,0.004971015511183855,0.007126536817015719,0.005513423491593372,0.0038666300798134347,0.0038666300798134343,0.0051357916356702575,0.008531682855205815,0.008531682855205813,0.006326962399095545,0.0063468018907254335,0.005678428487280471,0.002075913262518811,0.002667851441760187,0.004130727431894024,0.003159977876286034,0.0024550918386063015,0.00383140182433154,0.003366301724586685,0.003739039887835568,0.027901568677152693,0.004848063721094921,0.008607553350427094,0.012272261437531736,0.011304072947545379,0.012694007215541805,0.01828029825432457,0.006397647922765126,0.006446284192904073,0.007388470551366841,0.011528540319913813,0.010503492332786154,0.008467595681173916,0.009114257162084187,1.012174435905046,0
ISIC 97T98,0,0,0,0,0,0,0,0,0,0,0,0,0,0,0,0,0,0,0,0,0,0,0,0,0,0,0,0,0,0,0,0,0,0,0,0,0,0,0,0,0,1
