Unit: incidents / ton pollutant,2024.0,2025.0,2026.0,2027.0,2028.0,2029.0,2030.0,2031.0,2032.0,2033.0,2034.0,2035.0,2036.0,2037.0,2038.0,2039.0,2040.0,2041.0,2042.0,2043.0,2044.0,2045.0,2046.0,2047.0,2048.0,2049.0,2050.0
Premature mortality,0.00785511,0.0079525,0.00804988,0.00814727,0.00824466,0.00843431,0.00862397,0.00874855,0.00887312,0.0089977,0.00912228,0.00924685,0.00934358,0.0094403,0.00953703,0.00963375,0.00973048,0.00978172,0.00983296,0.00988421,0.00993545,0.00998669,0.00999565,0.0100046,0.0100136,0.0100225,0.0100315
Infant mortality,2.26839e-05,2.24861e-05,2.22883e-05,2.20906e-05,2.18928e-05,1.45599e-05,7.22696e-06,7.17972e-06,7.13248e-06,7.08524e-06,7.038e-06,6.99076e-06,6.96108e-06,6.93141e-06,6.90174e-06,6.87207e-06,6.8424e-06,6.80541e-06,6.76842e-06,6.73144e-06,6.69445e-06,6.65746e-06,6.61759e-06,6.57771e-06,6.53783e-06,6.49796e-06,6.45808e-06
Asthma symptoms albuturol use,6.19016,6.25298,6.3158,6.37863,6.44145,6.51406,6.58667,6.63863,6.6906,6.74257,6.79453,6.8465,6.86786,6.88922,6.91058,6.93194,6.9533,6.97952,7.00575,7.03197,7.0582,7.08442,7.11364,7.14285,7.17207,7.20129,7.2305
Asthma symptoms chest tightness,0.0,0.0,0.0,0.0,0.0,0.0,0.0,0.0,0.0,0.0,0.0,0.0,0.0,0.0,0.0,0.0,0.0,0.0,0.0,0.0,0.0,0.0,0.0,0.0,0.0,0.0,0.0
Asthma symptoms cough,0.0244315,0.0244315,0.0244315,0.0244315,0.0244315,0.0244315,0.0244315,0.0244315,0.0244315,0.0244315,0.0244315,0.0244315,0.0244315,0.0244315,0.0244315,0.0244315,0.0244315,0.0244315,0.0244315,0.0244315,0.0244315,0.0244315,0.0244315,0.0244315,0.0244315,0.0244315,0.0244315
Asthma symptoms shortness of breath,0.0329002,0.0329002,0.0329002,0.0329002,0.0329002,0.0329002,0.0329002,0.0329002,0.0329002,0.0329002,0.0329002,0.0329002,0.0329002,0.0329002,0.0329002,0.0329002,0.0329002,0.0329002,0.0329002,0.0329002,0.0329002,0.0329002,0.0329002,0.0329002,0.0329002,0.0329002,0.0329002
Asthma symptoms wheeze,0.0502673,0.0502673,0.0502673,0.0502673,0.0502673,0.0502673,0.0502673,0.0502673,0.0502673,0.0502673,0.0502673,0.0502673,0.0502673,0.0502673,0.0502673,0.0502673,0.0502673,0.0502673,0.0502673,0.0502673,0.0502673,0.0502673,0.0502673,0.0502673,0.0502673,0.0502673,0.0502673
Asthma incidence,0.0335193,0.0337358,0.0339522,0.0341687,0.0343851,0.0345785,0.0347719,0.0349314,0.035091,0.0352505,0.0354101,0.0355696,0.0357188,0.0358681,0.0360173,0.0361665,0.0363157,0.0364597,0.0366036,0.0367476,0.0368916,0.0370355,0.0371683,0.037301,0.0374337,0.0375665,0.0376992
Hay fever rhinitis incidence,0.213376,0.215323,0.217269,0.219216,0.221162,0.223265,0.225367,0.226938,0.228509,0.23008,0.231651,0.233222,0.234018,0.234813,0.235609,0.236405,0.237201,0.238116,0.239032,0.239947,0.240862,0.241778,0.242741,0.243704,0.244667,0.245631,0.246594
Respiratory emergency room visits,0.00996699,0.0100606,0.0101542,0.0102478,0.0103415,0.0104378,0.0105342,0.0106242,0.0107142,0.0108042,0.0108941,0.0109841,0.0110595,0.0111349,0.0112102,0.0112856,0.011361,0.0114253,0.0114896,0.0115539,0.0116182,0.0116825,0.0117425,0.0118024,0.0118623,0.0119222,0.0119821
Respiratory hospital admissions,0.000547658,0.000550797,0.000553936,0.000557075,0.000560214,0.000563604,0.000566994,0.000570234,0.000573473,0.000576712,0.000579951,0.00058319,0.000585515,0.00058784,0.000590165,0.00059249,0.000594815,0.000597028,0.000599242,0.000601456,0.000603669,0.000605883,0.000608012,0.000610142,0.000612271,0.000614401,0.00061653
Non-fatal heart attacks,0.00328335,0.0033788,0.00347426,0.00356972,0.00366517,0.00375519,0.00384521,0.00391756,0.00398991,0.00406225,0.0041346,0.00420695,0.0042536,0.00430026,0.00434692,0.00439357,0.00444023,0.0044648,0.00448937,0.00451394,0.00453851,0.00456308,0.00458173,0.00460039,0.00461904,0.00463769,0.00465635
Minor restricted activity days,2.72134,2.72798,2.73463,2.74127,2.74792,2.75772,2.76753,2.78429,2.80106,2.81782,2.83458,2.85135,2.87418,2.89702,2.91985,2.94269,2.96552,2.98851,3.01151,3.0345,3.05749,3.08048,3.10044,3.1204,3.14036,3.16032,3.18028
Work loss days,0.461512,0.462942,0.464373,0.465803,0.467234,0.469109,0.470985,0.473747,0.476509,0.479271,0.482032,0.484794,0.48827,0.491746,0.495222,0.498699,0.502175,0.506019,0.509864,0.513709,0.517553,0.521398,0.524809,0.52822,0.531632,0.535043,0.538454
Lung cancer incidence,0.000930657,0.000948826,0.000966994,0.000985163,0.00100333,0.00102256,0.0010418,0.0010624,0.00108299,0.00110359,0.00112419,0.00114479,0.0011622,0.0011796,0.00119701,0.00121441,0.00123182,0.00124063,0.00124944,0.00125825,0.00126706,0.00127587,0.00128013,0.00128439,0.00128865,0.00129291,0.00129716
Cardiovascular hospital admissions,0.000797857,0.000821697,0.000845538,0.000869378,0.000893219,0.000916054,0.000938889,0.000958418,0.000977948,0.000997478,0.00101701,0.00103654,0.00104956,0.00106258,0.0010756,0.00108862,0.00110164,0.00110853,0.00111542,0.00112231,0.0011292,0.00113609,0.00114073,0.00114536,0.00115,0.00115464,0.00115928
Alzheimers disease hospital admissions,0.00664197,0.00685825,0.00707453,0.00729081,0.00750708,0.00773657,0.00796606,0.00819527,0.00842449,0.00865371,0.00888293,0.00911215,0.00927716,0.00944216,0.00960717,0.00977218,0.00993719,0.0100167,0.0100963,0.0101758,0.0102553,0.0103349,0.0103589,0.010383,0.0104071,0.0104312,0.0104553
Parkinsons disease hospital admissions,0.00086807,0.000890663,0.000913256,0.000935849,0.000958442,0.000977361,0.00099628,0.00100867,0.00102106,0.00103345,0.00104584,0.00105823,0.00106434,0.00107045,0.00107656,0.00108266,0.00108877,0.00109237,0.00109597,0.00109957,0.00110316,0.00110676,0.00111198,0.00111721,0.00112243,0.00112765,0.00113287
Stroke incidence,0.000798896,0.000819948,0.000840999,0.000862051,0.000883102,0.000900505,0.000917908,0.000928609,0.000939309,0.00095001,0.000960711,0.000971412,0.000976465,0.000981519,0.000986572,0.000991626,0.000996679,0.000999465,0.00100225,0.00100504,0.00100782,0.00101061,0.0010155,0.00102039,0.00102529,0.00103018,0.00103507
Out of hospital cardiac arrest incidence,0.000189349,0.000192154,0.000194958,0.000197763,0.000200568,0.000203203,0.000205839,0.00020791,0.000209982,0.000212054,0.000214126,0.000216198,0.00021762,0.000219043,0.000220465,0.000221888,0.00022331,0.000224449,0.000225587,0.000226726,0.000227864,0.000229003,0.000230258,0.000231514,0.000232769,0.000234025,0.000235281
Cardiac emergency room visits,0.00407232,0.00414669,0.00422106,0.00429543,0.0043698,0.00444263,0.00451546,0.00458602,0.00465658,0.00472714,0.0047977,0.00486826,0.00492494,0.00498163,0.00503831,0.005095,0.00515169,0.00519107,0.00523046,0.00526984,0.00530923,0.00534862,0.0053781,0.00540758,0.00543707,0.00546655,0.00549603
School loss days,0.0,0.0,0.0,0.0,0.0,0.0,0.0,0.0,0.0,0.0,0.0,0.0,0.0,0.0,0.0,0.0,0.0,0.0,0.0,0.0,0.0,0.0,0.0,0.0,0.0,0.0,0.0
,,,,,,,,,,,,,,,,,,,,,,,,,,,
Data for lookup functions (based on sheet name),,,,,,,,,,,,,,,,,,,,,,,,,,,
sector pollutant,transportation PM25,,,,,,,,,,,,,,,,,,,,,,,,,,
