Unit: BTU,2024.0,2025.0,2026.0,2027.0,2028.0,2029.0,2030.0,2031.0,2032.0,2033.0,2034.0,2035.0,2036.0,2037.0,2038.0,2039.0,2040.0,2041.0,2042.0,2043.0,2044.0,2045.0,2046.0,2047.0,2048.0,2049.0,2050.0
agriculture and forestry 01T03,753307000000.0,713845000000.0,713940000000.0,725929000000.0,740463000000.0,750951000000.0,759216000000.0,768582000000.0,795657000000.0,794251000000.0,801261000000.0,808975000000.0,816309000000.0,829399000000.0,842661000000.0,854308000000.0,862933000000.0,867075000000.0,872642000000.0,878171000000.0,884783000000.0,892743000000.0,901198000000.0,909672000000.0,918260000000.0,926828000000.0,935530000000.0
coal mining 05,0.0,0.0,0.0,0.0,0.0,0.0,0.0,0.0,0.0,0.0,0.0,0.0,0.0,0.0,0.0,0.0,0.0,0.0,0.0,0.0,0.0,0.0,0.0,0.0,0.0,0.0,0.0
oil and gas extraction 06,0.0,0.0,0.0,0.0,0.0,0.0,0.0,0.0,0.0,0.0,0.0,0.0,0.0,0.0,0.0,0.0,0.0,0.0,0.0,0.0,0.0,0.0,0.0,0.0,0.0,0.0,0.0
other mining and quarrying 07T08,1960320000000.0,1976820000000.0,1986340000000.0,1972110000000.0,1947440000000.0,1944960000000.0,1951900000000.0,1968070000000.0,1985180000000.0,1983510000000.0,1986210000000.0,1989450000000.0,1983660000000.0,1974890000000.0,1969880000000.0,1961940000000.0,1951200000000.0,1940120000000.0,1932280000000.0,1931100000000.0,1933800000000.0,1939840000000.0,1941600000000.0,1942720000000.0,1941270000000.0,1941380000000.0,1942620000000.0
food beverage and tobacco 10T12,19680400000000.0,19247400000000.0,18985000000000.0,19063500000000.0,19113900000000.0,19088200000000.0,18956100000000.0,18870400000000.0,18817600000000.0,18618700000000.0,18452400000000.0,18212800000000.0,17966900000000.0,17705600000000.0,17474500000000.0,17254600000000.0,17088100000000.0,16958700000000.0,16934100000000.0,16927400000000.0,16927600000000.0,16904100000000.0,16835100000000.0,16764400000000.0,16698600000000.0,16641700000000.0,16590300000000.0
textiles apparel and leather 13T15,0.0,0.0,0.0,0.0,0.0,0.0,0.0,0.0,0.0,0.0,0.0,0.0,0.0,0.0,0.0,0.0,0.0,0.0,0.0,0.0,0.0,0.0,0.0,0.0,0.0,0.0,0.0
wood products 16,0.0,0.0,0.0,0.0,0.0,0.0,0.0,0.0,0.0,0.0,0.0,0.0,0.0,0.0,0.0,0.0,0.0,0.0,0.0,0.0,0.0,0.0,0.0,0.0,0.0,0.0,0.0
pulp paper and printing 17T18,5697210000000.0,5430320000000.0,5431430000000.0,5588920000000.0,5601130000000.0,5602600000000.0,5557420000000.0,5511090000000.0,5467440000000.0,5416800000000.0,5365390000000.0,5314790000000.0,5264480000000.0,5200180000000.0,5161480000000.0,5132320000000.0,5114310000000.0,5086970000000.0,5064330000000.0,5045840000000.0,5029770000000.0,5015710000000.0,4981460000000.0,4948940000000.0,4907610000000.0,4870480000000.0,4829870000000.0
refined petroleum and coke 19,402598000000.0,402598000000.0,402598000000.0,402598000000.0,402598000000.0,402598000000.0,402598000000.0,402598000000.0,402598000000.0,402598000000.0,402598000000.0,402598000000.0,402598000000.0,402598000000.0,402598000000.0,402598000000.0,402598000000.0,402598000000.0,402598000000.0,402598000000.0,402598000000.0,402598000000.0,402598000000.0,402598000000.0,402598000000.0,402598000000.0,402598000000.0
chemicals 20,6859220000000.0,6951380000000.0,6751770000000.0,6668460000000.0,6678100000000.0,6610640000000.0,6623530000000.0,6676900000000.0,6714460000000.0,6744980000000.0,6792480000000.0,6829380000000.0,6865970000000.0,6874440000000.0,6897660000000.0,6961640000000.0,7030100000000.0,7116320000000.0,7242450000000.0,7366850000000.0,7500890000000.0,7642880000000.0,7778110000000.0,7917760000000.0,8045980000000.0,8155020000000.0,8291330000000.0
rubber and plastic products 22,0.0,0.0,0.0,0.0,0.0,0.0,0.0,0.0,0.0,0.0,0.0,0.0,0.0,0.0,0.0,0.0,0.0,0.0,0.0,0.0,0.0,0.0,0.0,0.0,0.0,0.0,0.0
glass and glass products 231,0.0,0.0,0.0,0.0,0.0,0.0,0.0,0.0,0.0,0.0,0.0,0.0,0.0,0.0,0.0,0.0,0.0,0.0,0.0,0.0,0.0,0.0,0.0,0.0,0.0,0.0,0.0
cement and other nonmetallic minerals 239,0.0,0.0,0.0,0.0,0.0,0.0,0.0,0.0,0.0,0.0,0.0,0.0,0.0,0.0,0.0,0.0,0.0,0.0,0.0,0.0,0.0,0.0,0.0,0.0,0.0,0.0,0.0
iron and steel 241,0.0,0.0,0.0,0.0,0.0,0.0,0.0,0.0,0.0,0.0,0.0,0.0,0.0,0.0,0.0,0.0,0.0,0.0,0.0,0.0,0.0,0.0,0.0,0.0,0.0,0.0,0.0
other metals 242,0.0,0.0,0.0,0.0,0.0,0.0,0.0,0.0,0.0,0.0,0.0,0.0,0.0,0.0,0.0,0.0,0.0,0.0,0.0,0.0,0.0,0.0,0.0,0.0,0.0,0.0,0.0
metal products except machinery and vehicles 25,0.0,0.0,0.0,0.0,0.0,0.0,0.0,0.0,0.0,0.0,0.0,0.0,0.0,0.0,0.0,0.0,0.0,0.0,0.0,0.0,0.0,0.0,0.0,0.0,0.0,0.0,0.0
computers and electronics 26,1202960000000.0,1160960000000.0,1182740000000.0,1199420000000.0,1200570000000.0,1203530000000.0,1193830000000.0,1182900000000.0,1194080000000.0,1184790000000.0,1194490000000.0,1198030000000.0,1201070000000.0,1205260000000.0,1211180000000.0,1219150000000.0,1229670000000.0,1243150000000.0,1269040000000.0,1298060000000.0,1330120000000.0,1360450000000.0,1387240000000.0,1411080000000.0,1434430000000.0,1459580000000.0,1483330000000.0
appliances and electrical equipment 27,0.0,0.0,0.0,0.0,0.0,0.0,0.0,0.0,0.0,0.0,0.0,0.0,0.0,0.0,0.0,0.0,0.0,0.0,0.0,0.0,0.0,0.0,0.0,0.0,0.0,0.0,0.0
other machinery 28,0.0,0.0,0.0,0.0,0.0,0.0,0.0,0.0,0.0,0.0,0.0,0.0,0.0,0.0,0.0,0.0,0.0,0.0,0.0,0.0,0.0,0.0,0.0,0.0,0.0,0.0,0.0
road vehicles 29,0.0,0.0,0.0,0.0,0.0,0.0,0.0,0.0,0.0,0.0,0.0,0.0,0.0,0.0,0.0,0.0,0.0,0.0,0.0,0.0,0.0,0.0,0.0,0.0,0.0,0.0,0.0
nonroad vehicles 30,54548700000.0,54548700000.0,54548700000.0,54548700000.0,54548700000.0,54548700000.0,54548700000.0,54548700000.0,54548700000.0,54548700000.0,54548700000.0,54548700000.0,54548700000.0,54548700000.0,54548700000.0,54548700000.0,54548700000.0,54548700000.0,54548700000.0,54548700000.0,54548700000.0,54548700000.0,54548700000.0,54548700000.0,54548700000.0,54548700000.0,54548700000.0
other manufacturing 31T33,0.0,0.0,0.0,0.0,0.0,0.0,0.0,0.0,0.0,0.0,0.0,0.0,0.0,0.0,0.0,0.0,0.0,0.0,0.0,0.0,0.0,0.0,0.0,0.0,0.0,0.0,0.0
energy pipelines and gas processing 352T353,8050000000000.0,8050000000000.0,7721180000000.0,8248250000000.0,8481490000000.0,8828920000000.0,9862120000000.0,10375000000000.0,10821500000000.0,11131500000000.0,11643500000000.0,12045100000000.0,12437500000000.0,12738400000000.0,13015900000000.0,13312300000000.0,13551600000000.0,13788000000000.0,14029800000000.0,14277600000000.0,14512000000000.0,14676900000000.0,14864900000000.0,15052300000000.0,15187400000000.0,15190400000000.0,15223800000000.0
water and waste 36T39,0.0,0.0,0.0,0.0,0.0,0.0,0.0,0.0,0.0,0.0,0.0,0.0,0.0,0.0,0.0,0.0,0.0,0.0,0.0,0.0,0.0,0.0,0.0,0.0,0.0,0.0,0.0
construction 41T43,900451000000.0,883426000000.0,877404000000.0,881266000000.0,885079000000.0,895109000000.0,905493000000.0,915239000000.0,924928000000.0,928769000000.0,929374000000.0,931596000000.0,932506000000.0,931159000000.0,928825000000.0,925776000000.0,921247000000.0,916086000000.0,914287000000.0,912148000000.0,911217000000.0,913724000000.0,916565000000.0,918892000000.0,921372000000.0,924838000000.0,929506000000.0
